{"cameraMode":{"drawMode":0,"name":"Shaded","section":"Shading Mode"},"sceneLighting":false,"audioPlay":false,"sceneViewState":{"m_AlwaysRefresh":false,"showFog":true,"showSkybox":false,"showFlares":true,"showImageEffects":true,"showParticleSystems":true,"showVisualEffectGraphs":true,"m_FxEnabled":true},"in2DMode":false,"pivot":{"x":0.19860216975212098,"y":3.946486234664917,"z":5.8081231117248539},"rotation":{"x":0.01567068137228489,"y":-0.944109320640564,"z":0.3268437087535858,"w":0.043224137276411059},"size":5.3014912605285648,"orthographic":false}